[
    {
        "id": 1,
        "name":"Parking 1",
        "type": "AIRPORT",
        "city": "ROISSY EN FRANCE"
    },
    {
        "id": 2,
        "name":"Parking 2",
        "type": "AIRPORT",
        "city": "BEAUVAIS"
    },
    {
        "id": 3,
        "name":"Parking 3",
        "type": "AIRPORT",
        "city": "ORLY"
    },
    {
        "id": 4,
        "name":"Parking 4",
        "type": "AIRPORT",
        "city": "NICE"
    },
    {
        "id": 5,
        "name":"Parking 5",
        "type": "AIRPORT",
        "city": "LILLE"
    }
]